name,type,file_id
v=HUL83wCQATc__#1_label_B1-0-0.mp4,video,1t7PqA0wmvYsFBx20apoZVrMIg_nzTber
v=q2SP66Jb6Cw__#00-00-00_00-06-00_label_A.mp4,video,1KkNXo9kXi0VuxTMLVSGEkw0OnnYMtWRB
v=aBsrZKrRtqU__#1_label_A.mp4,video,12dehN9VOheWDrNfErSI4iXEauCJi9Ze9
The.Notebook.2004__#00-20-35_00-23-06_label_A.mp4,video,1qQfcvGhX7P-sqvk0n4fCMKzeki897rNa
Mission.Impossible.V.Rogue.Nation.2015__#00-17-27_00-17-55_label_B2-0-0.mp4,video,1-t7HQudZ58PvFYHuY5UM87jRUsgveOWT
v=f6j3YWgVBto__#00-06-16_00-06-51_label_B6-0-0.mp4,video,1yVFPO_REym75GIjgdvLD7Ik0tI9SY2R6
v=ROrpKx3aIjA__#1_label_G-0-0.mp4,video,15MjFqAPt2ZZJtWgpwEos7Zx-XWhW0bpm
v=vsI_pKNcgeQ__#00-15-00_00-18-00_label_A.mp4,video,18KRFPHfYLDGTZuNmplrOvL2ebTPTK9TH
Kingsman.The.Secret.Service.2014__#00-22-10_00-23-10_label_B2-0-0.mp4,video,1sIpL5j8lmPwJOAF5sxyWjzfYykPFQLdE
Kingsman.The.Golden.Circle.2017__#00-41-22_00-41-32_label_B2-0-0.mp4,video,1_bCuiOOea_vGNEKGS7DD_JtalStIn_jw
v=b0MUjeKAGZw__#1_label_B4-0-0.mp4,video,1r41OVXsvPT1Lex-wz36C5le1luG0ZOk7
Fast.Furious.2009__#00-42-10_00-42-41_label_B6-0-0.mp4,video,13Q8P9nfrFhBnunPXcIst2ld0TTfGsctZ
v=SmFpAAHmoII__#1_label_A.mp4,video,1_bxprWiFyPi9NCPBZiJW0ZJt9OvyxfJo
God.Bless.America.2011__#00-12-40_00-13-12_label_B2-0-0.mp4,video,19EvrgFPH-M_jx69vu0u5foy9kfLPQgrC
Flipped.2010__#01-07-30_01-09-51_label_A.mp4,video,1FToct86AZZbLFBvMDKo1Iuc1g-VE9tIq
v=hxyhulJYz5I__#00-06-09_00-07-00_label_B6-0-0.mp4,video,182p9RyAw0EUd2Ft5B-HkxQyOlu6ouQvF
The.Bourne.Identity.2002__#0-57-11_0-58-45_label_A.mp4,video,13_icXw7DvMPbyGYI3jTfiVfk_55e5zVS
Deadpool.2016__#0-18-58_0-19-20_label_B1-0-0.mp4,video,1BR35KGtiGJP4_jbSY4xO8XVJzaNsqyEG
The.Bourne.Identity.2002__#0-54-45_0-56-25_label_B6-0-0.mp4,video,1Ux-jO_Li90tvdlH9PCNmGB8yT2v9A-s2
v=0vVOXlgHC1U__#00-12-00_00-18-00_label_A.mp4,video,1kjsoIZOdzOuoW-IVQpVinyX67338b0U3
v=9Jk2sIp5MRQ__#1_label_G-0-0.mp4,video,1fXXjgdu4T4twMtjQazE7MnQu2qzChN2o
Ip.Man.2008__#01-40-37_01-42-07_label_B4-0-0.mp4,video,1hmpDVuoPV1cTNJXs6ygVmKoDB6yJzmgT
Black.Hawk.Down.2001__#00-06-44_00-07-39_label_A.mp4,video,1qtPEPaYKuW5N5XMyYSjDJ6S88o9Z77O_
v=TfS-MJoVNjM__#1_label_B4-0-0.mp4,video,1zZYBMY6azzXyrtovKAAQyWMdu7FhUpxJ
v=2al4t5inObA__#1_label_B4-0-0.mp4,video,1CWGmzJzdN87zx-2onGqxKrgo9cjtFa10
v=p7kvQ4OpDgU__#1_label_B4-0-0.mp4,video,1v5m8USlxm2AbLC0Cek0amISU95GPI4hX
A.Beautiful.Mind.2001__#00-25-20_00-29-20_label_A.mp4,video,1z97KjhOq5NRwx_LGaSLlkXnjmgkzRoqt
v=abATVcjFumY__#1_label_G-0-0.mp4,video,1TJOXhBYumNwas4Wp726HxWJTUOsAwlGS
v=cO1UefhG7AY__#1_label_G-0-0.mp4,video,1kAZAZSbqm0YSSWh37l0mMCKfWpX367fd
Mission.Impossible.III.2006__#00-56-23_00-56-40_label_G-0-0.mp4,video,1rt2asYGQn7qSyRDoW6ax4mXMCZEk1y0M
v=AqFWYZsOgWY__#00-21-00_00-24-00_label_A.mp4,video,1k4s7Z6wARnUyB_QrUJZ8KPDuZWU9yPCW
Shoot.Em.Up.2007__#00-25-50_00-27-10_label_A.mp4,video,1rZD6iT6FDy7Goco_N_lZ2T4k5GCIjlr-
v=q_DhkdHGXos__#1_label_B1-0-0.mp4,video,1V5rOgDrQD2_HfhWKqYPT9xPA9WhRRHQP
v=uQY15O3LKI0__#1_label_B6-0-0.mp4,video,1yqL9dogVBqIuNpSrbCJ90UHzzsPve7vh
v=-etV57xZ4_I__#1_label_B4-0-0.mp4,video,1zUiCNqrXAS5T6Nh9674MD0JHJgMwoVJQ
v=smnw0Q7AxFQ__#1_label_A.mp4,video,1HIlYgYGVFVgS1FRsihktUKAoTGmMbTAd
Ip.Man.2008__#00-02-56_00-05-24_label_A.mp4,video,1afJ4Xk0SfkKovgJfsSsixi1gEJJ_xdGd
v=X6Tbn8_X-Os__#1_label_B1-0-0.mp4,video,1ejD_nruycSOxT0lVqwp-JVNn5KFrPy02
Operation.Red.Sea.2018__#01-20-58_01-22-00_label_B5-0-0.mp4,video,1XMEBAlWGgQaDJZ_hYVHO4D4CGdeCFqF1
v=Wc2QW06H48M__#1_label_A.mp4,video,1Voh1We7upoD2h8bn8S3g_V6U5w8nndCQ
The.Notebook.2004__#00-08-55_00-10-50_label_A.mp4,video,16JZZKtdBe51NCmf7QP2yIU95I-XK2vF1
A.Beautiful.Mind.2001__#01-14-30_01-16-59_label_A.mp4,video,1UpL8mtkBLcP2C8oA0qM2yEAE3nnBbgBD
v=O9g1uuI62m0__#1_label_B4-0-0.mp4,video,1ijyQPOK4nCLEOGmvFyHZMcMdB8bfpKG1
Mission.Impossible.II.2000__#01-29-30_01-29-44_label_B1-0-0.mp4,video,1B5BKZAsMl0zXPj9d21VZ7BdmM_SMFwsH
v=JHsfKFF9Oag__#1_label_A.mp4,video,1ZxL2VhFXbj1OrS86AGUPhUjnhC6KYJqm
Young.And.Dangerous.IV.1997__#01-07-50_01-09-45_label_B1-0-0.mp4,video,1vKJQe75swmrH2cp4uprHCT3ibNDCwytw
Ip.Man.2008__#01-14-31_01-15-24_label_B1-0-0.mp4,video,1PejhHdPG3K1sgDeU6o6jfwlAgxEx-A3d
v=5Ftl4nOSytc__#1_label_G-0-0.mp4,video,1KL_CA6aJMc0WD1LlBuMRUeew3qDOkQ3r
v=usAvzbDq6-c__#00-03-00_00-06-00_label_A.mp4,video,1Rj8tkaRwDApn7FcUevwsanJfgiFthPPW
The.Notebook.2004__#01-52-20_01-58-00_label_A.mp4,video,1bZyUbeaNJVObybpele3ib4Iiuipv3Tes
v=bfOlheR5nUQ__#00-04-33_00-06-02_label_B4-0-0.mp4,video,1TlGH4R9tcuFuXp0ZnYfoFZPupd71x8v3
v=yrpZJ8Vr3aA__#1_label_B1-0-0.mp4,video,1_gVZ7kIeXScJnJu5Syvf_-9G09Mvleh9
Ip.Man.3.2015__#00-46-08_00-54-20_label_B1-0-0.mp4,video,1H1wuZ33uUIv0B5vs23f8MB_SSqQPyZyR
v=yZ2wlTAN49g__#00-03-00_00-06-00_label_A.mp4,video,1kgCV9yW5JEXhbaCh7-eYZk8EGh7g_Jtd
Before.Sunrise.1995__#00-03-00_00-04-05_label_A.mp4,video,15M0wGn7L5Ky_zEI5ycU9fgQa6a9VH0Iv
v=fhiAyxpDQMU__#1_label_B4-0-0.mp4,video,137vQ_-M5AxzStVYKxrR0M6ytqYAcF5TX
The.Fast.and.the.Furious.2001__#00-52-18_00-53-36_label_B1-0-0.mp4,video,10vEO3fR0PaQ0OHFrT0CPAYM20_73xCPp
v=aWPWHU8x6kE__#1_label_B4-0-0.mp4,video,1d8Syx1O4lp2W9POSMIGbYtbbFSDdcgde
v=Q8b0XbtpFsA__#1_label_A.mp4,video,1uWGvtjiR5U26AZ6xDESPC1vjmhpjHPEX
v=osjdmjNJUdg__#1_label_B1-0-0.mp4,video,1hIwXAJn_GrultFt_aEUDT8y5z1c-LOyJ
v=BzwNU2xmT64__#00-04-10_00-06-09_label_B6-0-0.mp4,video,1vZ5XOnjjT3tcCUhgNP5NGCqLx_Gc3t0f
v=CUr-Mg8Hmh0__#1_label_G-0-0.mp4,video,1jceK3jNRnOmM8oA7BzEvJvRm1OXxt1_3
Election.2005__#00-47-57_00-50-54_label_B5-0-0.mp4,video,1oJrvT-xkhoytzAeP_--12KfQMaCAmMMV
v=ovQ1VTJ_IUI__#1_label_B1-0-0.mp4,video,1_Hc5kAzrcTjAPHcQBz-RR6lWD4W8gJRn
v=HTEyaXBPf9U__#1_label_A.mp4,video,1kiNcN4Vi_YkK7E8JmyYdimVYsvg7BC9z
v=yZ2wlTAN49g__#00-03-00_00-06-00_label_A.mp4,video,1tbulBHPB7D5A4muGXfLRvPNsKaY4UkN7
Mission.Impossible.III.2006__#00-19-56_00-20-26_label_B2-0-0.mp4,video,1w-UHvhkDgg5PKD8G1RQUVuT8LdU8NU2g
v=tP19WuyY3IY__#00-06-10_00-07-51_label_B6-0-0.mp4,video,1GFZnRo2hzlrWQx7lr7aptPygvRT14R8z
Mission.Impossible.Ghost.Protocol.2011__#01-24-59_01-28-30_label_A.mp4,video,1kxfZarapd9xw2NIDHexBteaM9WAozuv2
Ip.Man.2008__#00-48-57_00-50-47_label_B1-0-0.mp4,video,12sbcwvpYPN3UUXXGUQOjza6CHAzqdd7t
City.Of.Men.2007__#01-36-01_01-37-31_label_A.mp4,video,1bldUILEAzOrhRcO9xDq7B7Dc0kriPBku
GoldenEye.1995__#00-56-11_00-56-51_label_A.mp4,video,17GsmisKb3W8BCkZueMiStInNZcR5GWg1
v=UYFR-XbyZQc__#00-01-19_00-02-42_label_G-0-0.mp4,video,1YLrgZoJEp7zX-GsZn_KFwAX9Kw9pCD9W
v=Y43UkfAe_bc__#00-00-00_00-01-40_label_B4-0-0.mp4,video,1aFlBH6J9OLMvFPJVRDFEw6e6ctx_wX_6
Love.Actually.2003__#01-39-05_01-46-40_label_A.mp4,video,1L4l6bELpQR0BjbJAzs_XbBTKxGGxNVLt
Spectre.2015__#01-17-22_01-18-53_label_A.mp4,video,1ntrFREHirVa_q55mNEU_47hG2Y_YDE5e
v=9FxmNOXF25Q__#1_label_A.mp4,video,17VeyvDb1yjIPCWVomjXubH3oTNDdKUDG
v=EeUTpfyb0qo__#1_label_A.mp4,video,1gegLaLT1LkMDUvLHmfBMWfYmXNneCAq2
v=lpkL0Y1MhA8__#1_label_B4-0-0.mp4,video,12lIq06qepGMJjY3uB_BNlrGYvmxI41bg
v=ICnreR1hxP0__#1_label_B4-0-0.mp4,video,1_I3oNooMOlTuJFb6RTqlh77NNfZnqT7D
v=lyZxvgPD4gM__#1_label_A.mp4,video,1zOhPnJw8nJbUU364Psaj7cWnjiYoGp2N
The.Intouchables.2011__#00-58-18_01-02-30_label_A.mp4,video,1F-SJ1F45UiSN1lOKb1DeZrYBwzj1046g
v=cEOM18n8fhU__#1_label_G-0-0.mp4,video,1CnNrCI2xt56_WJ34EXzhPn2ye9RYAE-G
v=gbRIKogNZvE__#1_label_B4-0-0.mp4,video,1fEbcs5CjjuBknp4tb2J4hZXzfxLFociG
The.Bourne.Supremacy.2004__#01-34-52_01-35-50_label_A.mp4,video,1HJNUMGAlM7mr9cLxcfZukEbt9CdZ9E3d
Love.Death.and.Robots.S01E02__#00-03-15_00-04-20_label_A.mp4,video,1DVhpKrwAhdNV9pALEcRjc1GkLUPJQf5n
The.Notebook.2004__#00-11-00_00-15-08_label_A.mp4,video,1rPpyS1Jchu3I7GC3gYDC5ZIgPyZxnRjs
Love.Me.If.You.Dare.2003__#00-33-52_00-39-00_label_A.mp4,video,1rQI_A3vYb55LnQb_JudJItwjeLPg-Kvz
v=Oh6FDdpH08A__#1_label_A.mp4,video,1EoPsw4oVtRDjaJCnSYU4Xg0nHOgXtVxD
v=usAvzbDq6-c__#00-21-00_00-24-00_label_A.mp4,video,13vwtMDtk6AIdG-vynCLzuDk6elyHZNk0
v=EH_QB6cm6BE__#1_label_G-0-0.mp4,video,1BeL6qc3jE6n8FlO0HZGHpqYb-zr8liCg
v=VcsJf1q9QX8__#1_label_A.mp4,video,1bMD73zLKIijywe4morfGjJUlX4hYwjfW
v=vhACO_m5pH0__#00-10-42_00-11-40_label_B6-0-0.mp4,video,1EQTb6TY4fqoHPtP15KBoKmAXdGX3Z53B
Skyfall.2012__#00-03-22_00-03-40_label_B6-0-0.mp4,video,15Aov2kC8eSAZq1JPG8DbTcZL1WPmIya-
v=1EvRIhdsX1s__#1_label_A.mp4,video,1F8JZjvTL4xVk6Y48nmRYio_UZM0ZzWTN
v=hxyhulJYz5I__#00-06-09_00-07-00_label_B6-0-0.mp4,video,1k84Ub3uDm0vGY4UXae7ZLjJ9IdNzzE8a
Sin.City.2005__#01-51-59_01-52-29_label_B2-0-0.mp4,video,13LoHfcUORALsyc-gx0MrfH1edOk0MlXU
Fast.Five.2011__#00-32-56_00-33-26_label_B2-0-0.mp4,video,1kWIjIA_55ioARsAPz0yG6OeuKH4KZozB
The.Pursuit.of.Happyness.2006__#00-17-30_00-19-10_label_A.mp4,video,1-hC3WXi48syRVOu-xlgBPFWj80IjvOoB
v=ErOcW_CSOyQ__#1_label_A.mp4,video,1GuZH2g5HYyr5U4jgYVeg2izpMlG9Tb6S
v=1GFBuaGCeTo__#1_label_G-0-0.mp4,video,1XYO_dCnUcKrQy6547tRaPoEMGChbrsi2
Brick.Mansions.2014__#00-41-25_00-42-36_label_B1-0-0.mp4,video,1gxph8uOU9PU1t_LoIpVOa0jRnc07epcC
Taken.2.UNRATED.EXTENDED.2012__#01-18-40_01-19-00_label_B1-0-0.mp4,video,15bWK6WnEfaRBWgXYk2bqyoOB6g3oCjN7
Deadpool.2.2018__#01-03-09_01-03-54_label_B4-0-0.mp4,video,1xvOaJIVVGocm2cWWA_9WqQ-Wh7ho18P5
v=2al4t5inObA__#1_label_B4-0-0.mp4,video,16k39R1-KEz977cBO2Tk2HsHrdJvNAlxo
v=yy-KIWDcBr4__#00-08-35_00-10-25_label_B6-0-0.mp4,video,16tUFu38mbnbaOexcfU7gMxwWbkFHt9OJ
Spectre.2015__#02-15-30_02-16-05_label_G-0-0.mp4,video,1AijxJCNINpMbqyjm1HYh2wKvDvRbXLQz
v=g2v3EkBj9Zc__#1_label_B4-0-0.mp4,video,17bLYNS2g2q7DF_zlAFsUK2HTIkFnCYzP
v=zoIn2hOrUIM__#00-01-00_00-02-45_label_B6-0-0.mp4,video,1_Yg5-9tf5MYHCq7d6BXUfS0F2dbKdrEf
v=uprb6aBzymw__#00-03-03_00-05-13_label_B4-0-0.mp4,video,1g35KClNsZLVjkkhzmdK1suNRWyXJzr3a
The.Pursuit.of.Happyness.2006__#01-34-18_01-38-11_label_A.mp4,video,1sxr7O8n8AAK1rCZWdcS9vGwyooMph1-N
v=BpargJW29Wo__#00-00-50_00-01-30_label_B1-0-0.mp4,video,1og3wPNWHKsIP_JYrc8Xk36OgnXB5tsR0
v=Pf7WtK-YPDA__#1_label_A.mp4,video,1pCM4_uHb5mOEBnrHhr9MTfEQ-j3Gpqwi
Mission.Impossible.III.2006__#01-54-02_01-54-40_label_B2-0-0.mp4,video,1EamSXEpAA5rHJbK3LEdBmbA-wlHTlsu6
The.Bourne.Legacy.2012__#0-39-56_0-40-15_label_G-0-0.mp4,video,1H3571Xn1DjBWSQr-x0YcZBjx0rxNtZoE
v=bDm2-1NZBLw__#1_label_B4-0-0.mp4,video,1YG_nNfx-JENXeyN1iOLYmjoYmDdXEds1
New.Kids.Turbo.2010__#00-50-13_00-50-34_label_B1-0-0.mp4,video,1CHttqHzgm9H7AECMx7BLBvEBd4FPP3rT
v=u5SF4SlqNDQ__#00-00-00_00-01-00_label_G-0-0.mp4,video,1DwG29lcDWWcp8U1txOCgv0xRNZqVkRnE
v=q_DhkdHGXos__#1_label_B1-0-0.mp4,video,1ULIg0_bFJW9zQdfshFIAF36_1zIK-8x2
Fast.Furious.2009__#01-29-10_01-29-55_label_B2-0-0.mp4,video,1Cw0fTFXkqGRlyhA5fYVOQUC8P8cmY2ZK
v=vFPQ_NiDBIU__#01-00-00_01-06-00_label_A.mp4,video,10P8C9k_7Y0fzWS6IYFvujjzj4D2b1h17
v=yvnj5VIDsNI__#1_label_B4-0-0.mp4,video,1rF-P-3JKYAvOsCLOLzE2CrJXSJZsVCGM
The.Notebook.2004__#01-52-20_01-58-00_label_A.mp4,video,1a1QTsR5bFm11TziTHfVyYbyU8WwBijDP
v=waIS8TaJxts__#00-05-50_00-06-20_label_B6-0-0.mp4,video,1QVhZnlnOZ63bxukywy7W8ONFggtqvMCp
Sin.City.2005__#01-19-08_01-19-23_label_G-0-0.mp4,video,1OmAzZ1ZgwNpwhjoCraQWof8vCdSoSmxj
v=8ewWXhYRUNs__#1_label_B1-0-0.mp4,video,1fZGz8nAEYj65PIY6FhXierAEuwlnuh-f
v=9qxJ6bznkNI__#1_label_A.mp4,video,1XdmsFYeQn1AgsZNVZGT19kzrkJMA4XM7
Mission.Impossible.III.2006__#01-06-52_01-07-15_label_G-0-0.mp4,video,1RaPwAuyRcu9zOhb_jOSApPGs9P0N6IXQ
v=9eME1y6V-T4__#00-42-00_00-48-00_label_A.mp4,video,1vLgS6S48GWppHocBDhwAv6zc7yt-aAvQ
v=u5SF4SlqNDQ__#00-00-00_00-01-00_label_G-0-0.mp4,video,18I6M91nUqWGH_UfVvsj9hJTLiampHHu2
v=O9g1uuI62m0__#1_label_B4-0-0.mp4,video,1uKCqJezY4FgCRr5NN51pW4XpdCzkb1x_
Tropa.de.Elite.2.2010__#00-13-41_00-14-56_label_B4-0-0.mp4,video,1HLNLXdYFt99Hq3Lf4gMk_8Bh5KqV1HPw
v=BpargJW29Wo__#00-00-50_00-01-30_label_B1-0-0.mp4,video,1XOSZHkkqdXXYs8zIRS2bV54b6bggV-PL
Hear.Me.2009__#00-49-48_00-51-12_label_A.mp4,video,1rfD5G0E2zJPQoS8Q3WZMzKXOTBBhMN-_
Taken.3.2014__#01-09-26_01-09-54_label_G-0-0.mp4,video,1vfeHyL659E_d7IoThnGkKv_c0_HO5koV
Flipped.2010__#01-10-30_01-13-51_label_A.mp4,video,1moUJsWUA8nUIIQT22-v1pNmW6GguS4za
Young.And.Dangerous.I.1996__#0-55-09_0-56-59_label_A.mp4,video,1BUaOFo5Spm0Gik2vWYjcIfmg3JWsiZ44
Taken.2.UNRATED.EXTENDED.2012__#01-06-28_01-06-49_label_B2-0-0.mp4,video,12M54hDl0oOc--FAbW0fux_m4uCkIx_qp
v=vv-MFJPi4Qs__#1_label_G-0-0.mp4,video,1VhV3YSWL1nPH-8dqJPBlrxLxOcoytXBp
City.Of.Men.2007__#01-35-30_01-36-00_label_B2-0-0.mp4,video,1NoBmV3Pgi04VUDQEdD5WbLAYL05qNszO
Fast.Furious.2009__#00-42-10_00-42-41_label_B6-0-0.mp4,video,1KBNd2mj4YGdubAYYy0XhYRbHd2TIsnw4
Saving.Private.Ryan.1998__#02-00-56_02-03-06_label_A.mp4,video,1UfStp_PQV_l9D-4wAm92Y1GDrEL82tLr
v=kPWdgckIhLI__#1_label_B4-0-0.mp4,video,17aX2GdejW2o9u3s4nSJAWuYyT40GQAFO
v=9FxmNOXF25Q__#1_label_A.mp4,video,1FU_nWb4tud9N42ycB8qBorH5OvmNjewW
v=rKpXqwE2rg8__#00-01-57_00-03-06_label_B4-0-0.mp4,video,1NLPi-VFQfSScq6kUOiFbbsu53nByF3PF
v=tT-SrQC6Ddw__#00-04-00_00-05-15_label_B6-0-0.mp4,video,18TaZleqUaW0VGoVrDszanu5cKYH7MFej
Young.And.Dangerous.IV.1997__#0-10-35_0-11-50_label_A.mp4,video,1eBnZ7po63ui0Zn4ZTHbTZK9ae_ejrGj1
v=fQQzg2VfJME__#1_label_B4-0-0.mp4,video,1pizOj_U9oojDUP5HH0rG3Z3BkWsA_NST
Flipped.2010__#01-07-30_01-09-51_label_A.mp4,video,1O2u00GDkro_HFSabHMcNUj8tMgvgFsJx
v=BXR3d22BhHs__#00-07-00_00-08-00_label_B4-0-0.mp4,video,1AhYJ7e4BEbV4_shIiy4DUS7zli_1w0M0
Kingsman.The.Golden.Circle.2017__#00-35-55_00-36-35_label_B1-0-0.mp4,video,15cLLGCrs3liA61fDazVdBMdDiG-iF36Q
v=bfOlheR5nUQ__#00-00-00_00-04-33_label_B4-0-0.mp4,video,1tO3BQY5dpK1-xKSJbOocw3Z1PBSfO8g0
v=Oh6FDdpH08A__#1_label_A.mp4,video,1_g9n5IjikxbMcftRnkWpL7O2tG0gm9Lf
City.Of.Men.2007__#00-51-50_00-53-31_label_B2-0-0.mp4,video,1-rHZ9IEPvT_Wfo_PHAfQMuEkbeqKLvGX
The.Notebook.2004__#00-11-00_00-15-08_label_A.mp4,video,1zFGsjVW8wHqrerAs7TkxeiXsAyfsNwbq
v=pL2HjXvWuPc__#1_label_B1-0-0.mp4,video,1ZUkFgXaGV8r3VB20M_u1R0WuZaW5HAp8
v=6KQFxxHmVMc__#1_label_B1-0-0.mp4,video,1w3qmfBLI0tIK-YhDfEo5QPD6ckOazcpH
v=94zZ9iptP54__#1_label_A.mp4,video,1MoNjssMWL5wUPeeBouZ5o7nDJCrMLVk5
Good.Will.Hunting.1997__#00-58-18_01-02-30_label_A.mp4,video,1m4GzsAKL7BW89W3Ml_9Dr_bOFezrwlV0
v=BpargJW29Wo__#00-00-50_00-01-30_label_B1-0-0.mp4,video,1Fab2UG3wBuqzh2Poel9p1xrPt66Je0n3
GoldenEye.1995__#01-33-40_01-34-30_label_A.mp4,video,1eEZvdK7kxG_Qjy6TqIBL4FzOs0GlXAdp
IP.Man.2.2010__#00-02-50_00-06-45_label_A.mp4,video,1kWrDql1zTxUiPjU6_UTXpUVSgYOa_bpj
v=3zgaqeVSXuI__#1_label_B4-0-0.mp4,video,1E8rhF3XZMwf-trPdJ1mtO8XeXpbcs9_Y
Skyfall.2012__#02-08-44_02-09-17_label_B1-0-0.mp4,video,1H3m80kE6BHcyTLpy0T7E93RpsnAPWMEF
Mission.Impossible.II.2000__#00-24-30_00-30-10_label_A.mp4,video,1WUzC7ax0Tb2zgGFvRU4U6RtPaIiZlLPo
Tropa.de.Elite.2.2010__#00-13-41_00-14-56_label_B4-0-0.mp4,video,1GA0C0N014pjHx-sD3aIfcRIZt_i0oRYv
v=5Ftl4nOSytc__#1_label_G-0-0.mp4,video,1KV4eERQqw88myTt7Bcew2QM9azKZuNZk
v=HTEyaXBPf9U__#1_label_A.mp4,video,1bAAKcrD5hUnGkr3OfNp8st1nm_hm5C4R
Mission.Impossible.II.2000__#01-32-56_01-33-25_label_B1-0-0.mp4,video,1r0bLMvd6laYEAlDiEQpuj3bMcUgt1qvw
About.Time.2013__#00-40-52_00-42-31_label_A.mp4,video,1JIQia5MRtlX5TzwVvvM1vqtlEiffcpXR
Tropa.de.Elite.2.2010__#00-42-00_00-43-00_label_B2-0-0.mp4,video,1B1mqFxzlgGXZ4sxXTVm0HnLda3woClda
v=n0AhGnEjako__#1_label_A.mp4,video,15gt1kyYSiYisJvZUF8Kih9UVTSHICVgX
v=MyM5G7fo7Gg__#00-18-00_00-21-00_label_A.mp4,video,1-PVTE0xz_otVaFvvv08BHXzagwaYT_QO
Still.Walking.2008__#00-16-18_00-17-27_label_A.mp4,video,1VXz_PGvUtvRSbgka7tIVjiZ3hMhK9WPc
v=HSisjzLESak__#00-00-00_00-00-51_label_B6-0-0.mp4,video,1Ggtv1cjKJ0y3SsocL-WWXMdJM9OrEaqk
v=eAgqJnO3kr8__#00-48-00_00-54-00_label_A.mp4,video,1uSQDWHwXnr2Slw1wio14SwzJJmhVwHhy
v=vFPQ_NiDBIU__#02-42-00_02-48-00_label_A.mp4,video,1E58rnzfXTlgj0fOJi8Xx9s9SZPLrNHvX
Shoot.Em.Up.2007__#00-25-50_00-27-10_label_A.mp4,video,1wo4YIr1mzdWMEdaN1yCs0d5noo_Qv2kr
v=gbRIKogNZvE__#1_label_B4-0-0.mp4,video,1LaoFAiTeMW1gHK0PWL7uRbm6JlbvO-tI
Braveheart.1995__#02-05-34_02-06-40_label_B1-0-0.mp4,video,1Z510gJDXFt48dYmO-KENf188hASWRNb2
v=pFamvR9CpYw__#00-06-36_00-15-20_label_B4-0-0.mp4,video,1mDbQ39UUhM5yL1zbABlYgtOCp902P7TM
v=X4I8FhpGJwo__#00-09-00_00-10-45_label_B6-0-0.mp4,video,1CIFDNnFCJPa7bfQvgX74mLQbFPzL5YXX
Taken.3.2014__#01-04-50_01-05-05_label_B1-0-0.mp4,video,1viFAIiUuXPj8zf30Xl6fPYKRfpBCRXSU
Spectre.2015__#01-17-22_01-18-53_label_A.mp4,video,1_raGNPxD0EcJAgPKnwNSgkny8QpZAZg8
GoldenEye.1995__#02-02-15_02-02-47_label_B1-0-0.mp4,video,1Pc2RYWPngdaF-LXKcyJqa1LIexCqmitQ
Brick.Mansions.2014__#00-11-57_00-12-12_label_B2-0-0.mp4,video,19PDg9_ymexX2IYusoe0L-v3xkZTjgvGQ
Brick.Mansions.2014__#00-41-25_00-42-36_label_B1-0-0.mp4,video,1xGJ3Qbe4oE8MCoXZis-LmSLgwKTnre_p
v=HSisjzLESak__#00-07-40_00-08-50_label_B6-0-0.mp4,video,11g5_8HaQ1Cw5sFqMttS86bvgW1dkbGWm
v=nLAapCIlr-o__#00-08-35_00-10-25_label_B6-0-0.mp4,video,18RxPfmO_MUl0DRxjN57iyHOhCD_mWWIv
God.Bless.America.2011__#00-51-00_00-52-00_label_A.mp4,video,1Qpfz--Q96crqg4-HTk1rBz1WOKIBi_yq
v=eAgqJnO3kr8__#00-48-00_00-54-00_label_A.mp4,video,1H7bub2mmtVN6Nu5opwQHwm2Gq5My65pB
v=y1z12D5bx7c__#1_label_B4-0-0.mp4,video,1S1pbVcTM1zd07JfB4DX5CLPOMJzT58aa
IP.Man.2.2010__#00-02-50_00-06-45_label_A.mp4,video,1CzSSrxuOagOx91yuPizc2U5b3sLvXJbb
Love.Death.and.Robots.S01E02__#00-03-15_00-04-20_label_A.mp4,video,1XxG1vAPaEB8d6Q9rvx1hIinbcMyedOMJ
Still.Walking.2008__#01-02-18_01-03-10_label_A.mp4,video,1JXpuQp3VgRuBj8bMQ-I7W6ySTFCov-2C
The.Bourne.Legacy.2012__#0-39-56_0-40-15_label_G-0-0.mp4,video,1wmkvMUmqQtWg-PifM4MT1CiZ-Hu5lmtV
The.World.Is.Not.Enough.1999__#00-10-22_00-10-40_label_G-0-0.mp4,video,18nMcP1_OLIwphdBNOmF-HbxawkG0c7NM
Braveheart.1995__#00-56-30_00-57-20_label_B1-0-0.mp4,video,13ni2nXDv0ELiZ_Y50-RZgU9MQucfMIPY
Ip.Man.2008__#01-14-31_01-15-24_label_B1-0-0.mp4,video,1dT3qY9ekVXSNa27sfzJDNtLc31xhePKt
v=uQY15O3LKI0__#1_label_B6-0-0.mp4,video,1qR1VSUONREWqm042u6O0eEoqm6lJd4SI
0-1_xd_test_qa_inference_eval0_mos.jsonl,jsonl,17_IvUSu4R2vK9mJ5ehnNFlnd2k-fEXD9